otu_ID	BBRP1	ERRP1	FGC1	FGREM1	FGRP1	FLC1	FLC2	FLREM1	FLRP1	FLRP4	FLRP5	FLRSP1	FLRSP2	FLRSP3	KORP1	LPC1	LPREM1	LPRP1	LPRP2	MBREM1	MBRP1	MHRP1	MHRP2	PHC1	PHRP1
320f3edc7b48ba5691766ccc71b0d898	65.66666666666667	584.5	4.400000000000001	400.9	105.8	74.2	1.6	261.4	138.44444444444446	227.2	140.2	286	232.9	225.66666666666669	199.29999999999998	10.399999999999999	334.3	326.9	417.8	58	155.88888888888889	446.7	362	0.5	485.2
97cefc055a2fa1b8caf5b81635b3fde7	186.55555555555554	8	37	496.3	324.1	13.399999999999999	0	341	326.44444444444446	159.2	326.3	272.5	313.2	186.88888888888886	432.7	0	189.3	43.6	86.80000000000001	140.3	117.44444444444444	195.6	105.2	8.600000000000001	386.4
2c47b9acb976f06611bddfe10f97e217	189.33333333333334	1169.5	3.4	0	3.7	702.2	186	53	25	16.9	68.2	286.3	238.7	334.44444444444446	103.6	211.7	74	24.9	598.3	52.4	97.66666666666667	18.700000000000003	10.4	0	51.4
7487be824e0acea7ee8c22b94f1376ae	33	0	448.3999999999999	131.1	5.800000000000001	604.5	182.4	118.09999999999998	337.22222222222223	262.4	361	2.5	100	15.333333333333332	71.5	214.8	87.7	159.4	17.7	0	0	108.4	313.3	212.8	112.8
e8cbf85e2f78be8ff21c0c3e0f509639	402.1111111111111	575.8	167.69999999999996	150.3	454.8	176.3	629.6	219.9	57.888888888888886	31.4	80.5	179.4	238.2	393.6666666666667	82.7	333.1	306.7	155.9	91.1	209.40000000000003	173.33333333333331	439.5	405.2	362.8	189
87ff74cc0f55f12dc4056a4a8a2c72bd	88.88888888888889	166.9	77.1	147.7	176	224.3	132.6	197.4	70.55555555555556	78.1	117.7	121.7	235.90000000000003	176.33333333333334	33.3	123.2	104.70000000000002	300	181.5	56.3	68	42.4	218.5	77.8	117
f10a50b1220da2d3e275f9772b3c2898	121.55555555555556	71.5	219.4	74.2	117.8	321.8	27.7	255	189	203.5	293.7	324.8	288	363.3333333333333	84.2	682.5	418.2	562	263.5	130.9	134.11111111111111	432.7	304.8	676.1	234.1
0d508e08bf3048aa561e7c9d96e3bea9	264.6666666666667	0	0	254.4	1.8	0.5	11.2	153.5	523.3333333333334	547.8	326.5	128.9	263.9	116.66666666666667	979.4	3.3	13.600000000000001	59.79999999999999	1.2999999999999998	300.3	210.77777777777777	81.19999999999999	0	1.3	0
4a4251fdd8c94240584c5d4ff6aeb094	9.666666666666668	180	69.1	627.2	269.4	72.5	21.9	120.5	201.22222222222223	26.5	175.6	51.1	19.800000000000004	73.22222222222223	35.6	51.7	63.699999999999996	436.6	167.3	0	91.77777777777777	378.3	388.8	52.7	411.2
210c71717f87c8e4912431ed98b553f5	19.11111111111111	159.3	3	219.4	401.6	14.899999999999999	0	260.2	176.33333333333331	91.7	126.1	92.1	93.5	20.22222222222222	47.3	1.9	140	92.5	172.4	11.3	93.22222222222223	236.29999999999998	205.3	11.2	445.7
fa34a5226112d5c3040a09e932c851d1	165	0	0	61.400000000000006	17.100000000000005	0.6	0	457.2	559.1111111111111	201.7	267.1	67.4	240.9	0	1054.7	0	0	0	0	47.5	28.11111111111111	2.0999999999999996	0	0	0
6fc0542bf3adee7fec1babd2646ef8f6	0.8888888888888887	62.5	2.4	108.3	173.4	36.8	0	128.8	77.33333333333334	108.1	84.5	10.8	86.7	18.666666666666664	89	23.2	264.8	396.1	268.9	0	24.11111111111111	453.1	269.7	18	332.1
4ae50c113ec66fe2cd07e20d0f611823	16.444444444444443	16.9	503.7	183.5	33.3	152.9	494.5	46.9	83.33333333333333	15.8	101.4	0	4.1	42.888888888888886	10.9	648.7	18.4	71.3	23.800000000000004	0	7.888888888888889	85.6	128.3	518	47.3
3bbb6fe91b995807a605b6f5983446a4	0	0	0	4.1	771	0.8999999999999999	10.800000000000002	42.2	35.22222222222222	2.4	34	0	0	4.333333333333333	2.9000000000000004	0	0	0	0	0	0	75.9	0	0	0
7a50583e4c0a2583573e8ebecf8fa907	63.22222222222222	472.6	0	0	0	1.2999999999999998	0	57.8	38.333333333333336	17	17.6	79.8	5.8	116	10.3	1.4	77.09999999999998	243.1	278.4	96.70000000000002	62.33333333333333	0	0	2.2	143.4
3fa83787d65a490d928ea85a00a8c8bb	4	180	0	0	28.3	19.3	0.6999999999999998	94.9	0	0	3.9	45.6	0.8	59.666666666666664	23.1	39.7	53.9	199	46.79999999999999	0	37.33333333333333	39	8.8	0	93.2
3ea271a390b5f981a235cd62868e5989	38.222222222222214	53.3	71.6	29	64.7	110.60000000000001	23.7	103	84.33333333333334	68.7	131.3	122.3	116.8	129.66666666666666	32.1	264.9	170.5	269.2	138.3	28	49.33333333333333	221.4	154.5	291.2	129.2
e93219e3fa9866eaf244784446de5b40	1.3333333333333333	144	0	60.9	67.2	6.4	0	44.4	2.111111111111111	2.4	7.9	18	59.2	0	39.1	7.400000000000001	97.89999999999999	83.3	45.6	0	0	70.1	64.2	4.1	264.5
d338b134f9f7963d5615f06009ce3895	24.555555555555557	0	151.3	63.5	152.4	11.2	55.29999999999999	20.100000000000005	0	1.2999999999999998	10.6	0	0	0	40	0	0	0	0	0	0	34.1	76.1	27.5	28.1
999d2bb3dd8b66d293b59b85d28836a1	12.333333333333332	14	210.7	95.5	17	56	291.5	21	44.33333333333333	12.2	45.2	2.7	2	34.77777777777778	6.200000000000001	204.2	16.8	30.5	8.8	0	5.888888888888889	49.6	86	166.8	23.8
140da1c9edd13ad241f781f1eeb2beb8	0	0	899.5	114	142.1	6.7	114.2	155.7	0	0	1.2	0	0	0	40.4	72.2	28.3	30.4	0	0	0	95.3	108.6	277.3	88.90000000000002
a737c9d64ea8567bd5fbd6694ced50b8	0	0	8.2	64.2	334	169.9	12.4	232.8	14.333333333333332	6.5	48.1	0	4.6	0	22.299999999999997	97.8	0	0	0	0	30.555555555555557	57.20000000000001	30.5	9.1	119.9
663650390696ac576adf3531dddef4bb	18.666666666666668	6.699999999999999	1.6	0	0	56.29999999999999	0	3.4000000000000004	0	37.1	1.1	80.1	110.9	360.8888888888889	3.7	0	88.1	9.4	59.8	108.8	135	0	0	0	0
d378cada02b87539df6bbcf669dc4174	10.777777777777779	113.9	0	7.800000000000001	29.700000000000003	6.1	0	20.6	10.555555555555555	52.1	6.300000000000001	103.4	312.8	232	40.9	0	87.6	66.4	53	59.9	90.11111111111111	121.6	55.6	13.1	3.8
fdfc6a9206fe11fdaf5bc50ca03180a7	6.666666666666666	105.7	0.6999999999999998	12.8	16.8	4.9	0	44.3	16.555555555555557	38	24.9	5.8	7	10.555555555555554	59.5	0	38.7	95.8	11	19.8	7.222222222222222	62.1	67.8	3	115.6
8358caad260504807d38cd2898ca954d	0	54	1.2	0	5.4	8.2	0	6.800000000000001	0	0	15.799999999999999	0	0	0	0	19.5	2.5	14.2	26.600000000000005	0	0	138.1	330.5	199.1	18.5
d283f71f493f433a53b0c3bbc3306dc8	0	0	0	0	0	495.7	5.5	0	0	0	0	0	0	0	0	0	0	0	0	0	0	0	0	0	0
8e0ab0341460216c742331e7dddae7b0	44.55555555555556	0	0	0	0	0	0	0	0	0	0	0	0	0	2.8	0	194.5	0	0	122.20000000000002	263.66666666666663	0	0	0.8	0
61f1e4919d11bf8ae6a2e4a6b800585a	24.555555555555557	24.3	69.1	17.4	44.8	44	6.5	77.4	49.22222222222222	52.1	62.9	61.1	70.4	72	20.8	108.8	104.4	129.8	63.5	25	31.666666666666664	106.4	88.2	120.5	70.2
4fca16b49e27701e6b962c029d49f2eb	4.888888888888889	0.6999999999999998	0	33.8	0	1.5	0	85.20000000000002	21	0	22	200.6	58.5	25.77777777777778	1.2000000000000002	0	36.3	70.4	0	7.300000000000001	46.111111111111114	29.299999999999997	14.7	0.7	51.199999999999996
011c425e4c3599f39f7d5fa04dc1686d	0	1.2999999999999998	20.8	26.8	61	6.5	0	3	0	0	0	0	0	0	0	194.8	0	0	0	0	0	43.5	100.1	0	1.5
f0cc400dc0c00335b7f2c8c0cb93a1ca	10.88888888888889	146.3	0	0	0	0	0	131	0	0	0	0	0	0	0	0.8999999999999999	3.7999999999999994	99.2	0	0	0	7	0.6	4.699999999999999	7.900000000000001
7bc067a6540c755cd1578b51202b746f	0	0	47.7	0	2.6999999999999997	119.10000000000001	44.2	8.4	0	0	0	0	0	0	0	110.9	0	61.8	21.3	0	0.6666666666666667	3.2	12.2	17.3	30.5
9bb0bf8be08f0f8a3ab32d1c0c303bb3	35.33333333333333	0.6	0	22.3	0	0	2.2	8.2	61.44444444444444	56.39999999999999	17.9	15	50.3	24	106.1	0	4.1	0	0	62.5	19.333333333333332	10.600000000000001	0	0	0
90f0fdcfde69405c7ab111c1377a4757	3	25.3	1.5	11.5	4.8	7.699999999999999	4.6	25.2	0	1	25.7	9.4	3.7000000000000006	27.22222222222222	0	12.8	27.8	82.9	44.8	0	15.777777777777779	1.7999999999999998	13.5	4	39.2
5bb0ff12f216fad2d9d3a9d1813d2fbe	0	79.4	74.7	0	239.4	3.9	6.5	68	25	0	8.1	2	0	0	5	0	0	0	0	0	0	11.5	24.4	0	0
132ccfc0da746037dbbad52507f0a381	38	0	0	0	0	0	0	0	64.88888888888889	121.6	42.8	33.70000000000001	184.5	139.11111111111111	121.1	0	90.7	0	0	33.5	0	0	0	0	0
c4d165f96f77b93638cf89a9aaca0c0a	19.666666666666668	4	17.1	5.4	23.4	165.3	139.7	32.7	11	0	36.4	81.8	50.9	59.33333333333333	48.3	194.3	11.2	94.4	14.8	14.8	13	29.5	36.4	29.700000000000003	26.6
e4cd5f7fd4cbb511e8f17b07d8df6cd4	0	38.2	33.6	0	209.5	2.4	0	4.4	6.5555555555555545	0	8.1	0	0	0	3	0	0	0	0	0	0	10.9	26.4	0.6000000000000001	0
98107578c7eed00e95b2b89858397794	0	0	0	0	0	0	0	60.3	30.666666666666664	49.8	71.7	46.5	19.5	25.555555555555557	0	0	0	0	0	0	0	1.7000000000000004	0	0	0
a967c9fd2dee4876c959167ef691e63c	0	0	81.3	0	0	0.8999999999999999	148.2	0	0	0	0	0	0	0	0	13.800000000000002	0	0	1.5	0	0	0	0	17	0
57437b1275fc1f83d37f693788c54229	0	26.2	0	0	28.700000000000003	0	0	18.1	0	0	0	0	0	0	11.8	10.800000000000002	18.8	4.3	8.1	0	34.888888888888886	68.2	69.2	2.2999999999999994	0
22674d53f20b0b70bd9f5486f7f60697	0	0	0	0	0	78.5	371.8	0	0	0	0	0	0	0	0	7.400000000000001	0	0	0	0	0	0	0	3.2999999999999994	0
32b1888516bfdc3819374f1fc951889e	4.888888888888889	3.5	0	6	3.2000000000000006	1.8	21.5	9.5	5.555555555555555	0.4000000000000001	3.2000000000000006	1.9000000000000001	3.5	0	8.7	0	66.7	89.4	6.699999999999999	0	0	52.4	4.3	0	1.3999999999999997
12d0f9c7a825be4eff5ea29fe1d8bb1c	6.333333333333334	3.6999999999999997	77.4	38	9	34.6	26.7	9.1	14.88888888888889	3.8	21.6	0.6	0	7.333333333333332	3.1	143.5	3.6999999999999997	19.8	5.7	0	3.2222222222222223	23.5	34.2	115.8	11.3
a9c8cf3d006c2910de635126e53e148d	0	194.6	0	0	6.5	0	0	11.9	1.4444444444444442	0	0	1.9	0	0	0	0	0	0	0	0	0	15.3	0	0	0
9265f06a3152925e254f443d6b0f0636	0	31.399999999999995	0	0	12.8	6.3	0.8000000000000002	24	48	3.1	20.099999999999998	0	0	0	0	95.40000000000002	0	0	0	0	0	57.6	70.2	63.6	145
f828480e27adb99df68b8915e059870c	207.44444444444446	0	0	0	0	0	0	0	0	0	0	0	46.900000000000006	0	0	0	0	0	0	146.8	14.333333333333336	0	5.5	0	0
bac52c868e388432231dad7fdc96e705	86.22222222222223	0	0	22.6	0	0	0	35.3	54.111111111111114	148.1	28.5	0	0	0	45.3	1.7	0	0	0	22.2	0	0	0	0	0
34d1724d86abb5f79e61e137bcc90194	1.2222222222222223	0	0	0	0	13.4	0	24.2	8.333333333333332	55.4	47.5	16	11.600000000000001	2.8888888888888884	14.2	0	0	0	1.2000000000000002	0.5	0	1	2.7	0	0
a9efcf7c14a3a7ea509f3d673cadffe1	0	0	0	72.3	134.09999999999997	0	0	0	0	0.6000000000000001	8.2	4	0	0	41.5	0	0	0	0.6	0	0	45.7	1.5	0	43.7
e7b2a6ab746177d50fec392d92199d86	0	3.7000000000000006	2.6	60.9	7.3	1.3	0	0.6000000000000001	0	0	0	0	0	0	3.4000000000000004	0	0	0	0	0	0	29.2	43.4	3	19.7
6240145e4e1f6e0a9ae2f546244d7f71	0	0	0	226.9	0	0	0	2.9000000000000004	0	0	10.2	1	0	0	68.1	0	0	24.2	15.3	0.8000000000000002	0	0	0	0	7.9
5ca01b9b9f0bd1b03f1a7a6b4ece2241	25.22222222222222	0	0	0	0	0	0	22.3	0.8888888888888888	10.7	7.5	11.299999999999999	71.6	36.888888888888886	27.299999999999997	0	12.3	0	1.9000000000000001	0.5	8.222222222222221	0	0	0	5.3
5a09b75699b2224b3c13f44ade2dd158	2.2222222222222228	0	11.4	104.5	18.8	0	12.699999999999998	67.8	81.55555555555557	31.6	13	1.5	0	0	4.400000000000001	0	0	0	0	0	2.333333333333333	0	0	0	0
4b0ee396bf523c4e03fa8066d5eeb7c3	0	0	101.30000000000001	0	4.4	10.6	16	0	0	0	0	0	0	0	0	0	0	0	0	0	0	0	0	0	0
c7c2a3d8c977b70e837c661e58d815d6	22.444444444444443	1.2999999999999998	0	0	0	16.4	0	73.8	8.222222222222221	0	0	20.900000000000002	3.5	5.888888888888889	0	0	0	0	0	0	0	1.3999999999999997	0	0	0
b3775f39419d3aad768b1d51b5ccbe2a	5.222222222222223	0	0	0	0	0	0	0	13.444444444444446	18.6	6.4	2.5	26.8	18.666666666666668	17.8	0	19.1	0	0	3.9	0	0	0	0	0
5f338f0f05339ee0f87410250babe2c3	0	0	0	0	63.7	11.9	0	21.2	0	0	0	0	0	0	0	17	0	6	0	0	0	12.7	5.2	0	11.899999999999999
eac18199c53aa01e7fe7e940900207a6	0	1.5	2.7	15.700000000000001	37.4	4.3	0	0	30.333333333333332	3.5	0	0	0	0	0	0	0	5.8	0	0	0	3.400000000000001	0	0	7.099999999999999
a71a96c90f3cba9d6e73c14799d30e05	19.77777777777778	0	0	2	0	0	0	0	1.5555555555555558	18.4	0	0	3.6	7.88888888888889	0	0	31	0	24.100000000000005	26.5	19.444444444444443	0	2.4	0	3.5999999999999996
6767a5b097389223e7e3d8eacc7c9c12	0	0	0	0	0	0	0	0	0	0	0	0	0	0	0	0	2.5999999999999996	0	0	92.8	1.5555555555555556	0	0	0	0
dfd53448f81f23769e110f8d82e671f6	10.333333333333334	0	0	0	0	2.4	0	0	0	27.2	0	8	20.7	39.888888888888886	0	0	0	0	8.4	0	9.333333333333332	0	0	0	0
0b7958c5b182fae5e0cc9df7120b0982	0	0	1.7000000000000002	17.400000000000002	3	0	0	18.1	83.55555555555557	3.1000000000000005	1.7	0	0	0	0	0	0	0	0	0	8.333333333333332	0	0	0	0
d048c8e92236a39c54b0d17f3fd4de87	0	0	0	0	0	4.6	0	0	0	0	0	14.1	0	0	0	0	0	0	57.9	0	0	0	0	0	0
526e8b36d15995fadb620f1af1e9d3a2	2.888888888888889	0	0	0	0	151.09999999999997	0	0	0	0	0	0	2.2	0	0	19.9	0	1.1000000000000003	12.2	0	0	0.6999999999999998	0	0	0
0f2987e222b120bc729dbb0b3691642d	0	0	0	0	0	11.199999999999998	58.29999999999999	0	0	0	0	0	0	0	0	0	0	0	0	0	0	0	0	0	0
1c30b29ba78048dbd12c10c32dec28a5	16.444444444444443	0	0	6.7	0	0	0	7.7	7.888888888888889	25.4	4.9	0	0	0	8.2	0	0	0	0	2.7999999999999994	0	0	0	0	0
ba8591e93f3d4f7ad04d0710d021cb0a	51.77777777777778	0	0	0	0	0	0	0	0	0	0	0	11	1	8.5	0	0	0	0	0	0	0	0	0	0
c1c6182be14bf9a4c95a3aebcdd3d78d	19.22222222222222	0	0	0	0	0	0	30	37.66666666666667	23.8	8.5	0	0	0	17.2	1.9	0	0	0	36.4	0	0	0	0	0
0821d4d0bbb899b071e8ec0498bf86b9	0	0	0	2.8	0	0	0	0	0	1	0	79.6	0	30.444444444444443	0	0	0	0	0.4	0	0	0	0	0	0
97378037372343341a2bee79ce55bb75	3.333333333333334	0	0	0	0	0	0	0	7.555555555555555	10.2	46.1	0	0	22.333333333333332	5.2	0	2	2.7999999999999994	0	0	0	7.5	0	0	0
2f630db47c452a18eb480206bdf9f2bb	0	0	65.6	0	11.1	0	0	0	0	0	0	0	0	0	0	0	0	0	0	0	0	0	0	0.8	0
ea10c65ee26bce92726facb7b0a6ea47	7.222222222222223	0	0	0	0	0	0	0	0	8.6	0	0	0	3	0	0	14	0	8.300000000000002	9.5	7.555555555555555	0	1.8	0	1.7999999999999998
4c2e509a1cf08962b28c3ce5578eebea	0	0	0	7.699999999999999	0	0	0	0	69.55555555555556	30.1	0.3	0	0	0	0	0	0	0	0	0	0	1.2000000000000002	0	0	0.8999999999999999
a13a2e299ffe54995287ecfa68b5c32f	5.777777777777777	0	0	1.5	0	0	0	0	1.3333333333333333	4.6	0	0	1.4	3.2222222222222228	0	0	10.9	0	4.5	10.100000000000001	5.888888888888889	0	0	0	0
09acae69b7bae5a86276acc2281250ff	0	0	0	0	0	0	0	0	0	0	0	0	0	0	0	0	0	0	0	41.6	0	0	0	0	0
9b0b928a4eeca97284d983cd2ff2ff37	3.555555555555555	0.8000000000000002	0	0	0	0	2.1	3.1	0	1.7999999999999998	2.3	3.2000000000000006	15.7	4	8.9	0	4.3	0	0	1.1000000000000003	2.4444444444444446	0	0	0	2.6
3da54ff2ce11106909d66d60c5991b36	0	0	0	9.5	0	4.5	0	0	7.4444444444444455	6.3	15.5	0	0	0	0	0	1.5	0	0	0	0	0	0	0	10.8
5631da1f661c86ab203e82be06b1a957	0	33.9	0	0	1.4	0	0	1.6	0	0	0	0.6	0	0	0	0	0	0	0	0	0	2.4	0	0	0
a80f4edc08e63f8edab2173fa430c72a	0	0	1.3	42.8	6.4	0	0	20.8	0	3.5999999999999996	1.7	0	0	0	1.5	0	0	0	0	0	0	0	0	0	0
a7b805211cefc561a19461b13a4d1480	5.111111111111111	26.799999999999997	0	0	0	0	0	0.2	0	0	0.30000000000000004	0.6999999999999998	0	3.2222222222222223	0	0	0	0	0	0	0	0	0	0	1.4
7a7a89421895cd0c295232b41d690477	0	0	0	4.9	0	0	0	0	0	0	0	0	0	0	30.200000000000003	0	0	0	0	0	0	0	0	0	0
02442d57427159988b9c1f8932e8c3ea	0	8.7	0	0	0	1.7	0	0	0	0	0	3.8000000000000003	0	0	0	0	0	3.0999999999999996	0	5	28.22222222222222	0	9.3	1.6	34.3
a70a07eecf9558fb2b3daafa7ed8eb75	18.11111111111111	0	0	0	0	0	0	0	0	0	0	0	0	0	0	0	0	0	0	15.9	0	0	0	0	0
c603446fcd07f3753f83fe2dbf86c2de	0	0	0	0	0	0	0	0	0	0	0	0	0	0	0	0	0	0	0	58.6	0	0	0	0	0
3a1eee95d0b5323bf50d67fe68b00360	0	0	0	0	0	0	0	0	0	0	0	3.4000000000000004	0	0.8888888888888888	1.6	0	0	0	23.3	0	0	2.7	0	0	0
15720844479057271688cb5bb4bf2db7	0	0	0	0	0	0	0	0	0	0	0	0	0	0	0	0	0	0	0	0	0	17.2	3.5	2.4	0
24018d088e92d6604e9377a7e375d594	0	0	0	0	0	0	0	13.199999999999998	25.555555555555557	10.8	17.9	0	0	0	0	0	0	0	0	0	0	0	0	0	0
197869ce750dd76de93bc4d498552460	0	17.4	0	0	0	0	0	0	0	0	4.5	0	15.699999999999998	0	0	0	1	11.899999999999999	3.2999999999999994	0	1	0	0	0.7	0
304459d0d445e5e97000e5279f40fb61	0	0	0	0	0	0	0	3.2000000000000006	0	0	0	0.8999999999999999	0	8.444444444444445	0	0	19.3	0	0	0	0	0	0	0	0
806f32d567abba563e8d16b5cd748f0b	0.3333333333333333	2.4	0	0	0	2.1	0	0	0	0	0	0.30000000000000004	0	0	0	12.100000000000001	0	0	4.6	0	2.2222222222222228	0.6	1.5	0	15.199999999999998
b5ae5796f1869784414643399fb68c04	1.5555555555555556	0	0	0	0	0.8999999999999999	0	3.5999999999999996	0	0	2.4	0	0	3.888888888888889	0	0	0	14.5	15.7	0	0	0	0	0	1.6
8a79e6d22f7b1c30e7dfb05aa0d51eeb	0	0	0	0	0	0	0	0	0	0	0	0	0	0	0	0	0	0	20.7	0	0	0	0	0	0
9976ee86295ca4108d23354c9d13a59f	0	0	23.4	16.300000000000004	0	0	0	0	0	0	0	0	0	0	0	0	4	0	0	0	0	0	0	0	0
9691157f2a061d7b5338478a7cce2f5e	0	0	0	0	0	0	0	0	0	0	0	0	0	0	0	0	0	0	0	0	0	0	0	19.6	0
ad167aa4faf19d14530477db46edb682	0	0	0	0	0	0	0	0	0	6.4	0	4.9	4.7	3.2222222222222223	0	0	0	0	0	0	0	0	0	0	0
ada190c46ba14302579a9c55ddc54bb5	0	4.5	0	0	0	0	0	0	0	0	3.5	1.2000000000000002	19.7	0	0	0	5.3	0	0.7	0	1	0	0	0	0
5829e4aa44843d8eb4667a58d80bc3ca	0	1.7	0	0	0	0	0	0	0	0	0	0	0	0	0	0	0	0	0	0	0	2.5	5	7.5	0
f0bbab98740c1818a1ec6f86b8643500	4.777777777777778	3	0	0	0.8	0	0	7.699999999999999	8	1.2	0	5.7	6.9	4	8	0	0	1.9	0	0	0	2	0	0	1.3
8073e594fb4717e0cc9db165b9eeb023	0	0	0	1.3	0	0	0	0	3	0	0	0	0.5	8.88888888888889	0	0	0	0	1.1000000000000003	4.299999999999999	0	1.9	0	0	0
c943514b59575c269c5fba7e13915808	25.444444444444443	0	0	0	0	0	0	0	0	0	0	0	0	0	0	0	8.5	0	0	0	0	0	0	0	0
b6cddd96f450a7bf3c4950c2f2a06b83	0	0	0	0	14.6	1.5	0	0	0	0	2.1	0	0	0	0	0	0	0	0	15.5	0	0	0	0	0
891209ae8cbbe5a8fc9b00658e0cf5e3	0	0	0	2.9000000000000004	0	0	0	0	0	0	12.2	0	0	0	0	0	0	0	0	0	0	0	0	0	0
ee1d45ab77c9e6a144ace2ea8fa7db4d	0	0	0	3.0999999999999996	11.7	0	0	0	0	0	0	0	0	0	3.8	0	0	0	0	0.9	1.3333333333333335	0	0	0	0
1cd05ce98e4ccc038395f80f8a5420eb	0	0	0	0	0	11.6	0	0	0	0	0	0	0	0	0	0	0	0	0	0	0	0	0	0	0
b45a529ff857d429e48e010c0fe02558	0	0	0	0	0	4.1	12.899999999999999	0	0	0	0	0	0	0	0	0	0	0	0	0	0	0	0	0	0
77e1550b520cda41de3537566ecbbb7b	0	0	0	0	0	0	0	0	0	0	0	7.5	0	2.3333333333333335	0	0	0	0	0	0	0	0	0	0	0
e0d232e365520706d082838cabf68e1f	0	0	0	0	0	0	0	0	0	0	0	0	0	0	0	0	9.1	0.8999999999999999	0	0	0	0	0	0	0
c0fe075c838635c40bfd2f65280ad177	0	0	0	0	0	0	0	0	0	0	0	0	0	0.4444444444444444	0	0	0	8.6	0	0	6	0	0	0	0
50ca642f13169240a16a7c81051da891	0.2222222222222222	1.2000000000000002	0	0	0	0	0	0	0	0	0	0	3.9000000000000004	0	0	0	1.2	0	6.3	0	0	0	1.2	0	0
3842fe10d4b7f681d15b3dd699c9b199	0	0	3.2	0	4	0	0	0	0	0	0	0	0	0	0	0	0	0	0	0	0	0	0	0	0
b8f0f9b1e9b1e776b3a0ed1124d1b6e3	0	0	0	0	1.4	0	0	0	0	0	0	0	0	0	0	0	0	0	0	0	0	0	6.900000000000001	0	0
24435da6fdb67ebdb6541e2de5498c1c	0	0	0	0	0	0	0	0	5.333333333333333	0	1.7	0	0	0	0	0	0	0	0	0	0	0	0	0	0
719992555d078877d5e555ade6af4977	0	1.9000000000000001	0	0	0	2	0	0	0	0	0	4.4	0	11.222222222222221	2.9	0	0	0	3.6	1.5	0.44444444444444436	0	2.1	0	0
a258991a4c7712ca7474808e101b491c	0	0	0	0	1.7000000000000002	0	0	0	0	0	0	0	0	0	0	0	0	0	0	0	0	1.7999999999999998	1.7000000000000004	0	0
9dc45b7df51b549feddb088e7a451bea	0	0	0	0	0	0	0	0	0	0	0	5.1	0	0	0	0	0	0	0	0	0	0	0	0	0
e6423bb1d53a6e9f2bf2f472674feb77	0	0	0	0	0	0	0	0	0	0	0	0	0	0	0	0	0	0	4.8	0	0	0	0	0	0
d80eb2d67de27cba579c1bc2bc17b2fe	0	0	0	0	0	0	0	0	0	0	0	0	0	0	0	0	0	0	0	4.5	0	0	0	0	0
d078e0c8d3242c7e23f9e6a4ac40f3d8	0	0	0	1.2	0	0	0	0	0	0	0	0	0	0	0	0	0	0	0	0	0	0	3.4000000000000004	0	0
cfd9d09417f81433b4a95a90b00944c2	0	0	0	0	0	0	0	0	0	0	0	0	0	0	5.8	0	0	0	0	0	0	0	0	0	0
32a603f90902d09cba5b72b260d3815b	0	0	0	0	0	0	0	0	0	0	0	0	0	0	0	0	0	0	0	3.1	0	0	0	0	0
6af8e1fc1edec097339970fc5abe0e74	0	0	0	0	0	0	0	0	1.2222222222222223	0	1.7999999999999998	0	0	0	0	0	0	0	0	0	0	0	0	0	0
bd8f1375b6a4c6fc7954599731615aae	0	0	1.7999999999999998	0	0	0	0	0	0	0	0	0	0	0	2.7	0	0	0	0	0	0	0	0	2.7	0
d2a4d6d3cfa6fcec402f313d8034c3fd	0	0	0	2.7	0	0	0	0	0	0	0	0	0	0	0	0	0	0	0	0	0	0	0	0	0
410102737abb8cc131162048a7c109a5	2.888888888888889	0	0	0	0	0	0	0	0	0	0	0	0	0	0	0	0	0	0	0	0	0	0	0	0
5fa71e16f2241ef15688ef0bd2d254fd	0	0	0	0	0	0	0	0	0	0	0	1	0	1.7777777777777775	0	0	0	0	0	0	0	0	0	0	0
4c3ca99a80f03bd4de404cce8e05751d	0	0	0	0	0	2.6	0	0	0	0	0	0	0	0	0	0	0	0	0	0	0	0	0	0	0
29daf882ef0787fd8e17882f109b82dd	1.4444444444444444	0	0	0	0	0	0	0	0	0	0	0	0	0	0	0	0.5	0	0	0	0	0	0	0	0
8d072e6a6a77ba63086c3eff70afc602	0	0	0	0	0	0	0	0	0	0	0	0	0	0	0	0	0	0	2.5	0	0	0	0	0	0
23ec2931636f142777b16564816efd38	0	0	0	0	0	0	0	0	0	0	0	0	0	0	0	0	0	0	0	0	0	0	1.7000000000000002	0	0
1346b02f7fba9db89b620ddcf7b6a6c2	0	0	0	0	0	0	0	0	0	0	0	0	0	0	0	0	0	0	0	0	0	0	1.7000000000000002	0	0
a5fc2e467399f8e3f4fc272f543edf95	0	0	0	0.3	0	0	0	0	0	0	0	0	0	0	0	0	0.4	0.20000000000000004	0	0	0	0	0	0	0.7
6c7b1db7ada01a5caee481356f650ce9	0	0	0	0	0	0	0	0	0	0	0	0	0	0	0	0	0	0	0	0	0	0	1.6	0	0
ee91bcbd74a08c2480ec0e76ab69e267	0	0	0	0	0	0	0	0	0	0	0	0	0	0	0	0	0	0	0	0.3	1.6666666666666667	0	0	0	0
97f138234a41900f29467c8c0dc99868	0	0	0	0	0	0	0	0	0	0	0	0	0	0	0	0	0	0	0	0	0	1.5	0	0	0
8faa2642ec801c9a28863294eeca1429	0	0	0	0	0	0	0	0	0	0	0	0	0	0	0	0	0	1.3	0	0	0.6666666666666666	0	0	0	0
7c2234628aeac7cbabaafd3a1c8d0d2e	0	0	0	0	0	0	0	0	0	0	0	0	0	0	0	0	0	0	0	1.3	0	0	0	0	0
66e830b9b66c6e8929d120737f709c33	0	0	0	0	0	0	0	0	0	0	0	0	0	0	0	1.2	0	0	0	0	0	0	0	0	0
e48f9713903b0605b2839d8270b904e9	0	0	0	0	0	0	0	0	0	0	0	0	0	0	0	0	0	0	0	0	1.2222222222222223	0	0	0	0
7c06990bb9229acb83f6ae7f25670602	0	0	0	0	0	0	0	0	0	0	0	0	0	0	0	0	0	0	0	0	0	0	0.8999999999999999	0	0
50636bf4c034ef26f19977ac9b772c45	0	0	0	0	0	0	0	0	0	0	0	0	0	0	0	0	0	0	0	0.8	0	0	0	0	0
5a0a6a27aecd192c61e0fe70c7c7aacc	0.7777777777777778	0	0	0	0	0	0	0	0	0	0	0	0	0	0	0	0	0	0	0	0	0	0	0	0
24474ec2e792299e25e7285b583b88c3	0	0	0	0	0	0.6	0	0	0	0	0	0	0	0	0	0	0	0	0	0	0	0	0	0	0
2853350d05210913ce4d782ba8659c19	0	0	0	0	0	0	0	0	0	0	0	0	0	0	0	0	0	0	0	0.5	0	0	0	0	0
cf5c0e038a25854e03befadeb9efd661	0	0	0	0	0	0	0	0	0	0	0	0	0	0	0	0	0	0	0	0	0	0	0	0	0.5
589514cac88952d9bd95674d6a6caa54	0	0	0	0	0	0	0	0	0	0	0	0	0	0	0	0	0	0	0.4	0	0	0	0	0	0
0a9b3d0ee0bb24f5236bf4b00c86f249	0	0	0	0	0.3	0	0	0	0	0	0	0	0	0	0	0	0	0	0	0	0	0	0	0	0
4482309ccd19fc4522a075c2a55c5d68	0	0	0	0	0	0	0	0	0	0	0	0.20000000000000004	0	0	0	0	0	0	0	0	0	0	0	0	0
2002d28dcb13d72be13467ad7f11c41a	0	0	0	0	0	0	0	0	0	0	0	0	0	0	0	0	0.2	0	0	0	0	0	0	0	0
68541e8ecc19be051970a344794a0457	0	0	0	0.2	0	0	0	0	0	0	0	0	0	0	0	0	0	0	0	0	0	0	0	0	0
4f38f7088f3229ecdf22b4bb45696cc3	0	0	0	0	0	0	0	0.2	0	0	0	0	0	0	0	0	0	0	0	0	0	0	0	0	0
